Workbook
Name Slicer_Department: #N/A
Name Slicer_JobRole: #N/A

Sheet Dashboard
AF2: =IFERROR(GETPIVOTDATA("Headcount",Pivot!$Q$3),0) -> 1470
AF3: =IFERROR(GETPIVOTDATA("Exits",Pivot!$Q$3),0) -> 237
AF4: =IFERROR(AF3/AF2,0) -> 0.16122449
AF5: =IFERROR(GETPIVOTDATA("Avg Monthly Income",Pivot!$Q$3),0) -> 6502.9313
AF6: =IFERROR(GETPIVOTDATA("Avg Tenure",Pivot!$Q$3),0) -> 7.0081633
AF7: =IFERROR(GETPIVOTDATA("Avg Age",Pivot!$Q$3),0) -> 36.92381

Sheet Data
A1: Age | B1: Attrition | C1: BusinessTravel | D1: DailyRate | E1: Department | F1: DistanceFromHome | G1: Education | H1: EducationField | I1: EmployeeCount | J1: EmployeeNumber | K1: EnvironmentSatisfaction | L1: Gender | M1: HourlyRate | N1: JobInvolvement | O1: JobLevel | P1: JobRole | Q1: JobSatisfaction | R1: MaritalStatus | S1: MonthlyIncome | T1: MonthlyRate | U1: NumCompaniesWorked | V1: Over18 | W1: OverTime | X1: PercentSalaryHike | Y1: PerformanceRating | Z1: RelationshipSatisfaction | AA1: StandardHours | AB1: StockOptionLevel | AC1: TotalWorkingYears | AD1: TrainingTimesLastYear | AE1: WorkLifeBalance | AF1: YearsAtCompany | AG1: YearsInCurrentRole | AH1: YearsSinceLastPromotion | AI1: YearsWithCurrManager | AJ1: AttritionFlag | AK1: AgeBand
A2: 41 | B2: Yes | C2: Travel_Rarely | D2: 1102 | E2: Sales | F2: 1 | G2: 2 | H2: Life Sciences | I2: 1 | J2: 1 | K2: 2 | L2: Female | M2: 94 | N2: 3 | O2: 2 | P2: Sales Executive | Q2: 4 | R2: Single | S2: 5993 | T2: 19479 | U2: 8 | V2: Y | W2: Yes | X2: 11 | Y2: 3 | Z2: 1 | AA2: 80 | AB2: 0 | AC2: 8 | AD2: 0 | AE2: 1 | AF2: 6 | AG2: 4 | AH2: 0 | AI2: 5 | AJ2: =IF(tblHR[[#This Row],[Attrition]]="Yes",1,0) -> 1 | AK2: =IF(tblHR[[#This Row],[Age]]<26,"18-25",IF(tblHR[[#This Row],[Age]]<36,"26-35",IF(tblHR[[#This Row],[Age]]<46,"36-45",IF(tblHR[[#This Row],[Age]]<56,"46-55","56+")))) -> 36-45
A3: 49 | B3: No | C3: Travel_Frequently | D3: 279 | E3: Research & Development | F3: 8 | G3: 1 | H3: Life Sciences | I3: 1 | J3: 2 | K3: 3 | L3: Male | M3: 61 | N3: 2 | O3: 2 | P3: Research Scientist | Q3: 2 | R3: Married | S3: 5130 | T3: 24907 | U3: 1 | V3: Y | W3: No | X3: 23 | Y3: 4 | Z3: 4 | AA3: 80 | AB3: 1 | AC3: 10 | AD3: 3 | AE3: 3 | AF3: 10 | AG3: 7 | AH3: 1 | AI3: 7 | AJ3: =IF(tblHR[[#This Row],[Attrition]]="Yes",1,0) -> 0 | AK3: =IF(tblHR[[#This Row],[Age]]<26,"18-25",IF(tblHR[[#This Row],[Age]]<36,"26-35",IF(tblHR[[#This Row],[Age]]<46,"36-45",IF(tblHR[[#This Row],[Age]]<56,"46-55","56+")))) -> 46-55
A4: 37 | B4: Yes | C4: Travel_Rarely | D4: 1373 | E4: Research & Development | F4: 2 | G4: 2 | H4: Other | I4: 1 | J4: 4 | K4: 4 | L4: Male | M4: 92 | N4: 2 | O4: 1 | P4: Laboratory Technician | Q4: 3 | R4: Single | S4: 2090 | T4: 2396 | U4: 6 | V4: Y | W4: Yes | X4: 15 | Y4: 3 | Z4: 2 | AA4: 80 | AB4: 0 | AC4: 7 | AD4: 3 | AE4: 3 | AF4: 0 | AG4: 0 | AH4: 0 | AI4: 0 | AJ4: =IF(tblHR[[#This Row],[Attrition]]="Yes",1,0) -> 1 | AK4: =IF(tblHR[[#This Row],[Age]]<26,"18-25",IF(tblHR[[#This Row],[Age]]<36,"26-35",IF(tblHR[[#This Row],[Age]]<46,"36-45",IF(tblHR[[#This Row],[Age]]<56,"46-55","56+")))) -> 36-45
A5: 33 | B5: No | C5: Travel_Frequently | D5: 1392 | E5: Research & Development | F5: 3 | G5: 4 | H5: Life Sciences | I5: 1 | J5: 5 | K5: 4 | L5: Female | M5: 56 | N5: 3 | O5: 1 | P5: Research Scientist | Q5: 3 | R5: Married | S5: 2909 | T5: 23159 | U5: 1 | V5: Y | W5: Yes | X5: 11 | Y5: 3 | Z5: 3 | AA5: 80 | AB5: 0 | AC5: 8 | AD5: 3 | AE5: 3 | AF5: 8 | AG5: 7 | AH5: 3 | AI5: 0 | AJ5: =IF(tblHR[[#This Row],[Attrition]]="Yes",1,0) -> 0 | AK5: =IF(tblHR[[#This Row],[Age]]<26,"18-25",IF(tblHR[[#This Row],[Age]]<36,"26-35",IF(tblHR[[#This Row],[Age]]<46,"36-45",IF(tblHR[[#This Row],[Age]]<56,"46-55","56+")))) -> 26-35
A6: 27 | B6: No | C6: Travel_Rarely | D6: 591 | E6: Research & Development | F6: 2 | G6: 1 | H6: Medical | I6: 1 | J6: 7 | K6: 1 | L6: Male | M6: 40 | N6: 3 | O6: 1 | P6: Laboratory Technician | Q6: 2 | R6: Married | S6: 3468 | T6: 16632 | U6: 9 | V6: Y | W6: No | X6: 12 | Y6: 3 | Z6: 4 | AA6: 80 | AB6: 1 | AC6: 6 | AD6: 3 | AE6: 3 | AF6: 2 | AG6: 2 | AH6: 2 | AI6: 2 | AJ6: =IF(tblHR[[#This Row],[Attrition]]="Yes",1,0) -> 0 | AK6: =IF(tblHR[[#This Row],[Age]]<26,"18-25",IF(tblHR[[#This Row],[Age]]<36,"26-35",IF(tblHR[[#This Row],[Age]]<46,"36-45",IF(tblHR[[#This Row],[Age]]<56,"46-55","56+")))) -> 26-35
A7: 32 | B7: No | C7: Travel_Frequently | D7: 1005 | E7: Research & Development | F7: 2 | G7: 2 | H7: Life Sciences | I7: 1 | J7: 8 | K7: 4 | L7: Male | M7: 79 | N7: 3 | O7: 1 | P7: Laboratory Technician | Q7: 4 | R7: Single | S7: 3068 | T7: 11864 | U7: 0 | V7: Y | W7: No | X7: 13 | Y7: 3 | Z7: 3 | AA7: 80 | AB7: 0 | AC7: 8 | AD7: 2 | AE7: 2 | AF7: 7 | AG7: 7 | AH7: 3 | AI7: 6 | AJ7: =IF(tblHR[[#This Row],[Attrition]]="Yes",1,0) -> 0 | AK7: =IF(tblHR[[#This Row],[Age]]<26,"18-25",IF(tblHR[[#This Row],[Age]]<36,"26-35",IF(tblHR[[#This Row],[Age]]<46,"36-45",IF(tblHR[[#This Row],[Age]]<56,"46-55","56+")))) -> 26-35
A8: 59 | B8: No | C8: Travel_Rarely | D8: 1324 | E8: Research & Development | F8: 3 | G8: 3 | H8: Medical | I8: 1 | J8: 10 | K8: 3 | L8: Female | M8: 81 | N8: 4 | O8: 1 | P8: Laboratory Technician | Q8: 1 | R8: Married | S8: 2670 | T8: 9964 | U8: 4 | V8: Y | W8: Yes | X8: 20 | Y8: 4 | Z8: 1 | AA8: 80 | AB8: 3 | AC8: 12 | AD8: 3 | AE8: 2 | AF8: 1 | AG8: 0 | AH8: 0 | AI8: 0 | AJ8: =IF(tblHR[[#This Row],[Attrition]]="Yes",1,0) -> 0 | AK8: =IF(tblHR[[#This Row],[Age]]<26,"18-25",IF(tblHR[[#This Row],[Age]]<36,"26-35",IF(tblHR[[#This Row],[Age]]<46,"36-45",IF(tblHR[[#This Row],[Age]]<56,"46-55","56+")))) -> 56+
A9: 30 | B9: No | C9: Travel_Rarely | D9: 1358 | E9: Research & Development | F9: 24 | G9: 1 | H9: Life Sciences | I9: 1 | J9: 11 | K9: 4 | L9: Male | M9: 67 | N9: 3 | O9: 1 | P9: Laboratory Technician | Q9: 3 | R9: Divorced | S9: 2693 | T9: 13335 | U9: 1 | V9: Y | W9: No | X9: 22 | Y9: 4 | Z9: 2 | AA9: 80 | AB9: 1 | AC9: 1 | AD9: 2 | AE9: 3 | AF9: 1 | AG9: 0 | AH9: 0 | AI9: 0 | AJ9: =IF(tblHR[[#This Row],[Attrition]]="Yes",1,0) -> 0 | AK9: =IF(tblHR[[#This Row],[Age]]<26,"18-25",IF(tblHR[[#This Row],[Age]]<36,"26-35",IF(tblHR[[#This Row],[Age]]<46,"36-45",IF(tblHR[[#This Row],[Age]]<56,"46-55","56+")))) -> 26-35
A10: 38 | B10: No | C10: Travel_Frequently | D10: 216 | E10: Research & Development | F10: 23 | G10: 3 | H10: Life Sciences | I10: 1 | J10: 12 | K10: 4 | L10: Male | M10: 44 | N10: 2 | O10: 3 | P10: Manufacturing Director | Q10: 3 | R10: Single | S10: 9526 | T10: 8787 | U10: 0 | V10: Y | W10: No | X10: 21 | Y10: 4 | Z10: 2 | AA10: 80 | AB10: 0 | AC10: 10 | AD10: 2 | AE10: 3 | AF10: 9 | AG10: 7 | AH10: 1 | AI10: 8 | AJ10: =IF(tblHR[[#This Row],[Attrition]]="Yes",1,0) -> 0 | AK10: =IF(tblHR[[#This Row],[Age]]<26,"18-25",IF(tblHR[[#This Row],[Age]]<36,"26-35",IF(tblHR[[#This Row],[Age]]<46,"36-45",IF(tblHR[[#This Row],[Age]]<56,"46-55","56+")))) -> 36-45
A11: 36 | B11: No | C11: Travel_Rarely | D11: 1299 | E11: Research & Development | F11: 27 | G11: 3 | H11: Medical | I11: 1 | J11: 13 | K11: 3 | L11: Male | M11: 94 | N11: 3 | O11: 2 | P11: Healthcare Representative | Q11: 3 | R11: Married | S11: 5237 | T11: 16577 | U11: 6 | V11: Y | W11: No | X11: 13 | Y11: 3 | Z11: 2 | AA11: 80 | AB11: 2 | AC11: 17 | AD11: 3 | AE11: 2 | AF11: 7 | AG11: 7 | AH11: 7 | AI11: 7 | AJ11: =IF(tblHR[[#This Row],[Attrition]]="Yes",1,0) -> 0 | AK11: =IF(tblHR[[#This Row],[Age]]<26,"18-25",IF(tblHR[[#This Row],[Age]]<36,"26-35",IF(tblHR[[#This Row],[Age]]<46,"36-45",IF(tblHR[[#This Row],[Age]]<56,"46-55","56+")))) -> 36-45
A12: 35 | B12: No | C12: Travel_Rarely | D12: 809 | E12: Research & Development | F12: 16 | G12: 3 | H12: Medical | I12: 1 | J12: 14 | K12: 1 | L12: Male | M12: 84 | N12: 4 | O12: 1 | P12: Laboratory Technician | Q12: 2 | R12: Married | S12: 2426 | T12: 16479 | U12: 0 | V12: Y | W12: No | X12: 13 | Y12: 3 | Z12: 3 | AA12: 80 | AB12: 1 | AC12: 6 | AD12: 5 | AE12: 3 | AF12: 5 | AG12: 4 | AH12: 0 | AI12: 3 | AJ12: =IF(tblHR[[#This Row],[Attrition]]="Yes",1,0) -> 0 | AK12: =IF(tblHR[[#This Row],[Age]]<26,"18-25",IF(tblHR[[#This Row],[Age]]<36,"26-35",IF(tblHR[[#This Row],[Age]]<46,"36-45",IF(tblHR[[#This Row],[Age]]<56,"46-55","56+")))) -> 26-35
A13: 29 | B13: No | C13: Travel_Rarely | D13: 153 | E13: Research & Development | F13: 15 | G13: 2 | H13: Life Sciences | I13: 1 | J13: 15 | K13: 4 | L13: Female | M13: 49 | N13: 2 | O13: 2 | P13: Laboratory Technician | Q13: 3 | R13: Single | S13: 4193 | T13: 12682 | U13: 0 | V13: Y | W13: Yes | X13: 12 | Y13: 3 | Z13: 4 | AA13: 80 | AB13: 0 | AC13: 10 | AD13: 3 | AE13: 3 | AF13: 9 | AG13: 5 | AH13: 0 | AI13: 8 | AJ13: =IF(tblHR[[#This Row],[Attrition]]="Yes",1,0) -> 0 | AK13: =IF(tblHR[[#This Row],[Age]]<26,"18-25",IF(tblHR[[#This Row],[Age]]<36,"26-35",IF(tblHR[[#This Row],[Age]]<46,"36-45",IF(tblHR[[#This Row],[Age]]<56,"46-55","56+")))) -> 26-35
... A1471: 34 | B1471: No | C1471: Travel_Rarely | D1471: 628 | E1471: Research & Development | F1471: 8 | G1471: 3 | H1471: Medical | I1471: 1 | J1471: 2068 | K1471: 2 | L1471: Male | M1471: 82 | N1471: 4 | O1471: 2 | P1471: Laboratory Technician | Q1471: 3 | R1471: Married | S1471: 4404 | T1471: 10228 | U1471: 2 | V1471: Y | W1471: No | X1471: 12 | Y1471: 3 | Z1471: 1 | AA1471: 80 | AB1471: 0 | AC1471: 6 | AD1471: 3 | AE1471: 4 | AF1471: 4 | AG1471: 3 | AH1471: 1 | AI1471: 2 | AJ1471: =IF(tblHR[[#This Row],[Attrition]]="Yes",1,0) -> 0 | AK1471: =IF(tblHR[[#This Row],[Age]]<26,"18-25",IF(tblHR[[#This Row],[Age]]<36,"26-35",IF(tblHR[[#This Row],[Age]]<46,"36-45",IF(tblHR[[#This Row],[Age]]<56,"46-55","56+")))) -> 26-35

Sheet Pivot
A3: Department | B3: Headcount | C3: Exits | E3: EducationField | F3: Exits | I3: AgeBand | J3: Headcount | K3: Exits | M3: OverTime | N3: Headcount | O3: Exits | Q3: Headcount | R3: Exits | S3: Avg Monthly Income | T3: Avg Tenure | U3: Avg Age
A4: Human Resources | B4: 63 | C4: 12 | E4: Human Resources | F4: 7 | I4: 18-25 | J4: 123 | K4: 44 | M4: No | N4: 1054 | O4: 110 | Q4: 1470 | R4: 237 | S4: 6502.9313 | T4: 7.0081633 | U4: 36.92381
A5: Research & Development | B5: 961 | C5: 133 | E5: Life Sciences | F5: 89 | I5: 26-35 | J5: 606 | K5: 116 | M5: Yes | N5: 416 | O5: 127
A6: Sales | B6: 446 | C6: 92 | E6: Marketing | F6: 35 | I6: 36-45 | J6: 468 | K6: 43 | M6: Grand Total | N6: 1470 | O6: 237
A7: Grand Total | B7: 1470 | C7: 237 | E7: Medical | F7: 63 | I7: 46-55 | J7: 226 | K7: 26
E8: Other | F8: 11 | I8: 56+ | J8: 47 | K8: 8
E9: Technical Degree | F9: 32 | I9: Grand Total | J9: 1470 | K9: 237
E10: Grand Total | F10: 237
A28: JobRole | B28: Exits | F28: JobLevel | G28: Headcount | H28: Exits
A29: Healthcare Representative | B29: 9 | F29: 1 | G29: 543 | H29: 143
A30: Human Resources | B30: 12 | F30: 2 | G30: 534 | H30: 52
A31: Laboratory Technician | B31: 62 | F31: 3 | G31: 218 | H31: 32
A32: Manager | B32: 5 | F32: 4 | G32: 106 | H32: 5
A33: Manufacturing Director | B33: 10 | F33: 5 | G33: 69 | H33: 5
A34: Research Director | B34: 2 | F34: Grand Total | G34: 1470 | H34: 237
A35: Research Scientist | B35: 47
A36: Sales Executive | B36: 57
A37: Sales Representative | B37: 33
A38: Grand Total | B38: 237
A50: Department | B50: Headcount | C50: Attrition | E50: Education Field | F50: Attrition | H50: Age Band | I50: Attrition Rate | K50: Job Level | L50: Headcount | M50: Attrition | O50: Job Role | P50: Attrition
A51: =Pivot!$A$4 -> Human Resources | B51: =Pivot!$B$4 -> 63 | C51: =Pivot!$C$4 -> 12 | E51: =Pivot!$E$4 -> Human Resources | F51: =Pivot!$F$4 -> 7 | H51: =Pivot!$I$4 -> 18-25 | I51: =IFERROR(Pivot!$K$4/Pivot!$J$4,0) -> 0.35772358 | K51: =Pivot!$F$29 -> 1 | L51: =Pivot!$G$29 -> 543 | M51: =Pivot!$H$29 -> 143 | O51: =Pivot!$A$29 -> Healthcare Representative | P51: =Pivot!$B$29 -> 9
A52: =Pivot!$A$5 -> Research & Development | B52: =Pivot!$B$5 -> 961 | C52: =Pivot!$C$5 -> 133 | E52: =Pivot!$E$5 -> Life Sciences | F52: =Pivot!$F$5 -> 89 | H52: =Pivot!$I$5 -> 26-35 | I52: =IFERROR(Pivot!$K$5/Pivot!$J$5,0) -> 0.19141914 | K52: =Pivot!$F$30 -> 2 | L52: =Pivot!$G$30 -> 534 | M52: =Pivot!$H$30 -> 52 | O52: =Pivot!$A$30 -> Human Resources | P52: =Pivot!$B$30 -> 12
A53: =Pivot!$A$6 -> Sales | B53: =Pivot!$B$6 -> 446 | C53: =Pivot!$C$6 -> 92 | E53: =Pivot!$E$6 -> Marketing | F53: =Pivot!$F$6 -> 35 | H53: =Pivot!$I$6 -> 36-45 | I53: =IFERROR(Pivot!$K$6/Pivot!$J$6,0) -> 0.091880342 | K53: =Pivot!$F$31 -> 3 | L53: =Pivot!$G$31 -> 218 | M53: =Pivot!$H$31 -> 32 | O53: =Pivot!$A$31 -> Laboratory Technician | P53: =Pivot!$B$31 -> 62
E54: =Pivot!$E$7 -> Medical | F54: =Pivot!$F$7 -> 63 | H54: =Pivot!$I$7 -> 46-55 | I54: =IFERROR(Pivot!$K$7/Pivot!$J$7,0) -> 0.11504425 | K54: =Pivot!$F$32 -> 4 | L54: =Pivot!$G$32 -> 106 | M54: =Pivot!$H$32 -> 5 | O54: =Pivot!$A$32 -> Manager | P54: =Pivot!$B$32 -> 5
E55: =Pivot!$E$8 -> Other | F55: =Pivot!$F$8 -> 11 | H55: =Pivot!$I$8 -> 56+ | I55: =IFERROR(Pivot!$K$8/Pivot!$J$8,0) -> 0.17021277 | K55: =Pivot!$F$33 -> 5 | L55: =Pivot!$G$33 -> 69 | M55: =Pivot!$H$33 -> 5 | O55: =Pivot!$A$33 -> Manufacturing Director | P55: =Pivot!$B$33 -> 10
E56: =Pivot!$E$9 -> Technical Degree | F56: =Pivot!$F$9 -> 32 | O56: =Pivot!$A$34 -> Research Director | P56: =Pivot!$B$34 -> 2
O57: =Pivot!$A$35 -> Research Scientist | P57: =Pivot!$B$35 -> 47
O58: =Pivot!$A$36 -> Sales Executive | P58: =Pivot!$B$36 -> 57
O59: =Pivot!$A$37 -> Sales Representative | P59: =Pivot!$B$37 -> 33
